{"cameraMode":{"drawMode":0,"name":"Shaded","section":"Shading Mode"},"sceneLighting":true,"audioPlay":false,"sceneViewState":{"showFog":true,"showMaterialUpdate":false,"showSkybox":true,"showFlares":true,"showImageEffects":true,"showParticleSystems":true},"in2DMode":false,"pivot":{"x":5.96999979019165,"y":6.909999847412109,"z":4.940000057220459},"rotation":{"x":0.673164963722229,"y":-0.1947060227394104,"z":0.19065961241722108,"w":0.6874523162841797},"size":8.77588176727295,"orthographic":true}