{"cameraMode":{"drawMode":0,"name":"Shaded","section":"Shading Mode"},"sceneLighting":true,"audioPlay":false,"sceneViewState":{"showFog":true,"showMaterialUpdate":false,"showSkybox":true,"showFlares":true,"showImageEffects":true,"showParticleSystems":true},"in2DMode":false,"pivot":{"x":5.53076171875,"y":6.2275390625,"z":1.93798828125},"rotation":{"x":0.22251811623573304,"y":-0.769706130027771,"z":0.35626885294914248,"w":0.48074206709861758},"size":7.035389423370361,"orthographic":true}